Model,Accuracy,Precision,Recall,F1 Score
Logistic Regression,0.8539518900343642,0.7808988764044944,0.7513513513513513,0.7658402203856749
Decision Tree,0.8608247422680413,0.7857142857142857,0.772972972972973,0.779291553133515
Random Forest,0.8883161512027491,0.8488372093023255,0.7891891891891892,0.8179271708683473
SVM,0.865979381443299,0.8282208588957055,0.7297297297297297,0.7758620689655172
KNN,0.8247422680412371,0.7485029940119761,0.6756756756756757,0.7102272727272727
