Model,Mean Accuracy,Std Dev
Logistic Regression,0.8505305039787798,0.017593444110130665
Decision Tree,0.8643236074270557,0.024818159812993148
Random Forest,0.8883436486884764,0.023610149696207294
SVM,0.7784261715296198,0.04864554657736936
KNN,0.8556881815502505,0.01980866130992478
